name,time[sec],T-count<in>,T-count<out>
barenco_tof_10,0.025000,224,100
tof_10,0.010000,119,71
csla_mux_3,0.006000,70,60
csum_mux_9,0.022000,196,84
gf2^8,0.158000,448,260
mod_mult_55,0.004000,49,27
mod_red_21,0.011000,119,60
qcla_adder_10,0.045000,238,147
qcla_com_7,0.027000,203,69
qcla_mod_7,0.114000,413,174
rc_adder_6,0.008000,77,37
vbe_adder_3,0.004000,70,22
Adder16,0.143000,602,92
Adder32,0.735000,1274,188
