name,time[sec],T-count<in>,T-count<out>
barenco_tof_10,0.047000,224,100
tof_10,0.014000,119,71
csla_mux_3,0.007000,70,60
csum_mux_9,0.047000,196,84
gf2^8,0.249000,448,260
mod_mult_55,0.005000,49,27
mod_red_21,0.018000,119,61
qcla_adder_10,0.072000,238,146
qcla_com_7,0.058000,203,67
qcla_mod_7,0.253000,413,175
rc_adder_6,0.010000,77,38
vbe_adder_3,0.006000,70,23
Adder16,0.481000,602,92
